"PK parameter","GMFE"
"AUC",1.07537840157445
"CMAX",1.23553467556138
