"PK parameter","GMFE"
"AUC",1.26818405240674
"CMAX",1.24076746519371
