"PK parameter","GMFE"
"AUC",1.44301307296016
"CMAX",1.46918927278549
