"PK parameter","GMFE"
"AUC",1.10394363058987
"CMAX",1.14123366170626
