"PK parameter","GMFE"
"AUC",1.4801056002309
"CMAX",1.36614330375984
