"PK parameter","GMFE"
"AUC",1.4408342829963
"CMAX",1.25019613879379
