"PK parameter","GMFE"
"AUC",1.5810576215569
"CMAX",1.27632992562795
