"PK parameter","GMFE"
"AUC",1.27823025391623
"CMAX",1.65055450282436
