"PK parameter","GMFE"
"AUC",1.42115690383532
"CMAX",1.42511082244089
