"PK parameter","GMFE"
"AUC",1.4178238522369
"CMAX",1.40766555677721
