"PK parameter","GMFE"
"AUC",1.7035551778795
"CMAX",1.27885410575037
