"PK parameter","GMFE"
"AUC",1.40865360610818
"CMAX",1.34929058429272
