"PK parameter","GMFE"
"AUC",1.2328276239983
"CMAX",1.23562139711997
