"PK parameter","GMFE"
"AUC",1.48427185784162
"CMAX",1.17365285180225
