"PK parameter","GMFE"
"AUC",1.2544403106227
"CMAX",1.23103284741678
