"PK parameter","GMFE"
"AUC",1.53042501890857
"CMAX",1.48587947664182
