"PK parameter","GMFE"
"AUC",1.41262661969471
"CMAX",1.26543106728041
