"PK parameter","GMFE"
"AUC",1.28335972452947
"CMAX",1.29175606308169
